timestamp,model,prompt_tokens,completion_tokens,total_tokens,cost,session_id
2025-05-01 13:21:56,anthropic/claude-3-haiku,100,150,250,6.25e-05,20250501132156
2025-05-01 13:22:09,anthropic/claude-3-haiku,100,150,250,6.25e-05,20250501132209
2025-05-01 13:22:41,mistralai/mixtral-8x7b-instruct,22,772,794,0.0004763999999999999,20250501132241
2025-05-01 13:22:41,mistralai/mixtral-8x7b-instruct,276,428,704,0.00042239999999999997,20250501132241
2025-05-01 13:22:41,anthropic/claude-3-opus,11,879,890,0.013349999999999999,20250501132241
2025-05-01 13:22:41,anthropic/claude-3-opus,397,973,1370,0.020550000000000002,20250501132241
2025-05-01 13:22:41,anthropic/claude-3-sonnet,414,640,1054,0.003162,20250501132241
2025-05-01 13:22:41,mistralai/mistral-7b-instruct,462,798,1260,0.000252,20250501132241
2025-05-01 13:22:41,openai/gpt-4o,251,154,405,0.002025,20250501132241
2025-05-01 13:22:41,mistralai/mistral-7b-instruct,18,960,978,0.00019559999999999998,20250501132241
2025-05-01 13:22:41,anthropic/claude-3-sonnet,429,351,780,0.00234,20250501132241
2025-05-01 13:22:41,anthropic/claude-3-opus,141,958,1099,0.016485,20250501132241
2025-05-01 13:22:41,anthropic/claude-3-haiku,439,333,772,0.000193,20250430132241
2025-05-01 13:22:41,openai/gpt-4o,13,824,837,0.004185,20250430132241
2025-05-01 13:22:41,openai/gpt-4o,78,868,946,0.004730000000000001,20250430132241
2025-05-01 13:22:41,openai/gpt-3.5-turbo,445,915,1360,0.00068,20250430132241
2025-05-01 13:22:41,openai/gpt-3.5-turbo,376,448,824,0.00041200000000000004,20250430132241
2025-05-01 13:22:41,mistralai/mixtral-8x7b-instruct,342,404,746,0.00044759999999999993,20250430132241
2025-05-01 13:22:41,mistralai/mistral-7b-instruct,393,308,701,0.00014020000000000002,20250430132241
2025-05-01 13:22:41,mistralai/mixtral-8x7b-instruct,218,709,927,0.0005562,20250430132241
2025-05-01 13:22:41,openai/gpt-4o,173,790,963,0.004815000000000001,20250430132241
2025-05-01 13:22:41,openai/gpt-3.5-turbo,343,457,800,0.0004,20250430132241
2025-05-01 13:22:41,anthropic/claude-3-opus,50,474,524,0.007859999999999999,20250429132241
2025-05-01 13:22:41,anthropic/claude-3-haiku,291,836,1127,0.00028175,20250429132241
2025-05-01 13:22:41,anthropic/claude-3-haiku,377,872,1249,0.00031225000000000003,20250429132241
2025-05-01 13:22:41,openai/gpt-4o,446,59,505,0.002525,20250429132241
2025-05-01 13:22:41,anthropic/claude-3-sonnet,452,187,639,0.001917,20250429132241
2025-05-01 13:22:41,anthropic/claude-3-opus,217,870,1087,0.016305,20250429132241
2025-05-01 13:22:41,anthropic/claude-3-opus,388,296,684,0.01026,20250429132241
2025-05-01 13:22:41,mistralai/mistral-7b-instruct,56,158,214,4.2800000000000004e-05,20250429132241
2025-05-01 13:22:41,anthropic/claude-3-sonnet,56,802,858,0.002574,20250429132241
2025-05-01 13:22:41,anthropic/claude-3-haiku,243,909,1152,0.000288,20250429132241
2025-05-01 13:22:41,anthropic/claude-3-sonnet,345,795,1140,0.00342,20250428132241
2025-05-01 13:22:41,anthropic/claude-3-haiku,253,882,1135,0.00028375,20250428132241
2025-05-01 13:22:41,mistralai/mistral-7b-instruct,63,396,459,9.180000000000001e-05,20250428132241
2025-05-01 13:22:41,openai/gpt-4o,93,855,948,0.00474,20250428132241
2025-05-01 13:22:41,openai/gpt-3.5-turbo,252,695,947,0.0004735,20250428132241
2025-05-01 13:22:41,anthropic/claude-3-haiku,148,736,884,0.000221,20250428132241
2025-05-01 13:22:41,openai/gpt-4o,146,601,747,0.003735,20250428132241
2025-05-01 13:22:41,mistralai/mistral-7b-instruct,20,344,364,7.280000000000001e-05,20250428132241
2025-05-01 13:22:41,anthropic/claude-3-opus,191,510,701,0.010514999999999998,20250428132241
2025-05-01 13:22:41,anthropic/claude-3-sonnet,171,127,298,0.000894,20250428132241
2025-05-01 13:22:41,mistralai/mixtral-8x7b-instruct,168,666,834,0.0005003999999999999,20250427132241
2025-05-01 13:22:41,mistralai/mixtral-8x7b-instruct,492,838,1330,0.0007979999999999999,20250427132241
2025-05-01 13:22:41,mistralai/mixtral-8x7b-instruct,47,771,818,0.0004908,20250427132241
2025-05-01 13:22:41,anthropic/claude-3-haiku,98,372,470,0.00011750000000000001,20250427132241
2025-05-01 13:22:41,openai/gpt-3.5-turbo,409,836,1245,0.0006225,20250427132241
2025-05-01 13:22:41,anthropic/claude-3-sonnet,404,206,610,0.00183,20250427132241
2025-05-01 13:22:41,mistralai/mistral-7b-instruct,290,129,419,8.38e-05,20250427132241
2025-05-01 13:22:41,anthropic/claude-3-sonnet,483,174,657,0.001971,20250427132241
2025-05-01 13:22:41,anthropic/claude-3-opus,179,522,701,0.010514999999999998,20250427132241
2025-05-01 13:22:41,anthropic/claude-3-haiku,485,471,956,0.000239,20250427132241
2025-05-01 13:22:41,anthropic/claude-3-opus,483,385,868,0.01302,20250426132241
2025-05-01 13:22:41,mistralai/mixtral-8x7b-instruct,262,484,746,0.00044759999999999993,20250426132241
2025-05-01 13:22:41,openai/gpt-3.5-turbo,241,879,1120,0.0005600000000000001,20250426132241
2025-05-01 13:22:41,openai/gpt-4o,245,550,795,0.003975,20250426132241
2025-05-01 13:22:41,anthropic/claude-3-opus,464,955,1419,0.021285000000000002,20250426132241
2025-05-01 13:22:41,mistralai/mixtral-8x7b-instruct,14,986,1000,0.0006,20250426132241
2025-05-01 13:22:41,anthropic/claude-3-sonnet,358,942,1300,0.0039,20250426132241
2025-05-01 13:22:41,anthropic/claude-3-opus,328,653,981,0.014715,20250426132241
2025-05-01 13:22:41,openai/gpt-3.5-turbo,315,89,404,0.000202,20250426132241
2025-05-01 13:22:41,openai/gpt-3.5-turbo,295,785,1080,0.00054,20250426132241
2025-05-01 13:22:41,anthropic/claude-3-haiku,118,911,1029,0.00025725,20250425132241
2025-05-01 13:22:41,openai/gpt-3.5-turbo,150,937,1087,0.0005434999999999999,20250425132241
2025-05-01 13:22:41,mistralai/mistral-7b-instruct,196,830,1026,0.00020520000000000003,20250425132241
2025-05-01 13:22:41,anthropic/claude-3-haiku,51,783,834,0.0002085,20250425132241
2025-05-01 13:22:41,anthropic/claude-3-opus,29,720,749,0.011235,20250425132241
2025-05-01 13:22:41,mistralai/mixtral-8x7b-instruct,211,102,313,0.00018779999999999998,20250425132241
2025-05-01 13:22:41,mistralai/mistral-7b-instruct,351,833,1184,0.0002368,20250425132241
2025-05-01 13:22:41,anthropic/claude-3-sonnet,184,697,881,0.0026430000000000004,20250425132241
2025-05-01 13:22:41,openai/gpt-3.5-turbo,143,94,237,0.00011850000000000001,20250425132241
2025-05-01 13:22:41,anthropic/claude-3-opus,139,966,1105,0.016575,20250425132241
2025-05-01 13:22:41,openai/gpt-3.5-turbo,224,813,1037,0.0005185,20250424132241
2025-05-01 13:22:41,anthropic/claude-3-sonnet,257,689,946,0.0028380000000000002,20250424132241
2025-05-01 13:22:41,anthropic/claude-3-haiku,328,210,538,0.00013450000000000002,20250424132241
2025-05-01 13:22:41,mistralai/mistral-7b-instruct,119,525,644,0.0001288,20250424132241
2025-05-01 13:22:41,openai/gpt-3.5-turbo,301,761,1062,0.000531,20250424132241
2025-05-01 13:22:41,mistralai/mixtral-8x7b-instruct,162,55,217,0.0001302,20250424132241
2025-05-01 13:22:41,openai/gpt-3.5-turbo,353,874,1227,0.0006135,20250424132241
2025-05-01 13:22:41,anthropic/claude-3-sonnet,447,910,1357,0.004071,20250424132241
2025-05-01 13:22:41,anthropic/claude-3-haiku,28,452,480,0.00011999999999999999,20250424132241
2025-05-01 13:22:41,anthropic/claude-3-sonnet,40,310,350,0.0010500000000000002,20250424132241
2025-05-01 13:22:41,anthropic/claude-3-opus,172,484,656,0.00984,20250423132241
2025-05-01 13:22:41,mistralai/mixtral-8x7b-instruct,338,770,1108,0.0006647999999999999,20250423132241
2025-05-01 13:22:41,anthropic/claude-3-haiku,404,334,738,0.00018449999999999999,20250423132241
2025-05-01 13:22:41,mistralai/mixtral-8x7b-instruct,357,292,649,0.0003894,20250423132241
2025-05-01 13:22:41,anthropic/claude-3-opus,403,679,1082,0.01623,20250423132241
2025-05-01 13:22:41,mistralai/mistral-7b-instruct,216,327,543,0.0001086,20250423132241
2025-05-01 13:22:41,openai/gpt-4o,335,690,1025,0.005125,20250423132241
2025-05-01 13:22:41,anthropic/claude-3-sonnet,236,77,313,0.0009390000000000001,20250423132241
2025-05-01 13:22:41,anthropic/claude-3-sonnet,73,763,836,0.002508,20250423132241
2025-05-01 13:22:41,mistralai/mistral-7b-instruct,125,975,1100,0.00022,20250423132241
2025-05-01 13:22:41,mistralai/mistral-7b-instruct,220,434,654,0.0001308,20250422132241
2025-05-01 13:22:41,openai/gpt-3.5-turbo,105,515,620,0.00031,20250422132241
2025-05-01 13:22:41,openai/gpt-3.5-turbo,440,286,726,0.000363,20250422132241
2025-05-01 13:22:41,openai/gpt-3.5-turbo,498,190,688,0.000344,20250422132241
2025-05-01 13:22:41,openai/gpt-3.5-turbo,436,126,562,0.00028100000000000005,20250422132241
2025-05-01 13:22:41,anthropic/claude-3-haiku,172,568,740,0.000185,20250422132241
2025-05-01 13:22:41,mistralai/mixtral-8x7b-instruct,23,844,867,0.0005202,20250422132241
2025-05-01 13:22:41,mistralai/mixtral-8x7b-instruct,450,795,1245,0.0007469999999999998,20250422132241
2025-05-01 13:22:41,anthropic/claude-3-sonnet,499,55,554,0.001662,20250422132241
2025-05-01 13:22:41,anthropic/claude-3-sonnet,359,772,1131,0.003393,20250422132241
2025-05-01 13:22:41,openai/gpt-4o,112,936,1048,0.00524,20250421132241
2025-05-01 13:22:41,openai/gpt-3.5-turbo,101,441,542,0.00027100000000000003,20250421132241
2025-05-01 13:22:41,mistralai/mixtral-8x7b-instruct,262,528,790,0.000474,20250421132241
2025-05-01 13:22:41,anthropic/claude-3-sonnet,487,914,1401,0.004203,20250421132241
2025-05-01 13:22:41,mistralai/mistral-7b-instruct,198,75,273,5.4600000000000006e-05,20250421132241
2025-05-01 13:22:41,anthropic/claude-3-sonnet,151,52,203,0.000609,20250421132241
2025-05-01 13:22:41,anthropic/claude-3-sonnet,234,612,846,0.0025380000000000003,20250421132241
2025-05-01 13:22:41,openai/gpt-3.5-turbo,230,262,492,0.000246,20250421132241
2025-05-01 13:22:41,openai/gpt-3.5-turbo,490,780,1270,0.000635,20250421132241
2025-05-01 13:22:41,openai/gpt-4o,207,402,609,0.003045,20250421132241
2025-05-01 13:22:41,openai/gpt-4o,213,554,767,0.003835,20250420132241
2025-05-01 13:22:41,openai/gpt-3.5-turbo,196,227,423,0.0002115,20250420132241
2025-05-01 13:22:41,mistralai/mixtral-8x7b-instruct,25,748,773,0.00046379999999999994,20250420132241
2025-05-01 13:22:41,anthropic/claude-3-opus,391,299,690,0.01035,20250420132241
2025-05-01 13:22:41,openai/gpt-4o,340,746,1086,0.00543,20250420132241
2025-05-01 13:22:41,mistralai/mixtral-8x7b-instruct,160,341,501,0.0003006,20250420132241
2025-05-01 13:22:41,anthropic/claude-3-sonnet,364,688,1052,0.003156,20250420132241
2025-05-01 13:22:41,anthropic/claude-3-opus,226,660,886,0.01329,20250420132241
2025-05-01 13:22:41,mistralai/mixtral-8x7b-instruct,350,517,867,0.0005202,20250420132241
2025-05-01 13:22:41,mistralai/mistral-7b-instruct,374,957,1331,0.00026619999999999997,20250420132241
2025-05-01 13:22:41,anthropic/claude-3-sonnet,70,85,155,0.000465,20250419132241
2025-05-01 13:22:41,anthropic/claude-3-sonnet,367,621,988,0.002964,20250419132241
2025-05-01 13:22:41,anthropic/claude-3-haiku,420,267,687,0.00017175,20250419132241
2025-05-01 13:22:41,anthropic/claude-3-haiku,373,717,1090,0.0002725,20250419132241
2025-05-01 13:22:41,openai/gpt-4o,381,282,663,0.003315,20250419132241
2025-05-01 13:22:41,openai/gpt-4o,326,58,384,0.0019199999999999998,20250419132241
2025-05-01 13:22:41,mistralai/mixtral-8x7b-instruct,360,801,1161,0.0006965999999999999,20250419132241
2025-05-01 13:22:41,mistralai/mixtral-8x7b-instruct,136,545,681,0.00040859999999999996,20250419132241
2025-05-01 13:22:41,openai/gpt-4o,341,245,586,0.0029300000000000003,20250419132241
2025-05-01 13:22:41,mistralai/mixtral-8x7b-instruct,125,334,459,0.00027539999999999997,20250419132241
2025-05-01 13:22:41,openai/gpt-3.5-turbo,403,114,517,0.0002585,20250418132241
2025-05-01 13:22:41,anthropic/claude-3-haiku,332,247,579,0.00014475,20250418132241
2025-05-01 13:22:41,openai/gpt-3.5-turbo,434,227,661,0.0003305,20250418132241
2025-05-01 13:22:41,anthropic/claude-3-haiku,305,689,994,0.0002485,20250418132241
2025-05-01 13:22:41,openai/gpt-4o,340,740,1080,0.0054,20250418132241
2025-05-01 13:22:41,anthropic/claude-3-opus,401,775,1176,0.01764,20250418132241
2025-05-01 13:22:41,mistralai/mistral-7b-instruct,347,537,884,0.00017680000000000001,20250418132241
2025-05-01 13:22:41,mistralai/mixtral-8x7b-instruct,315,277,592,0.00035519999999999996,20250418132241
2025-05-01 13:22:41,anthropic/claude-3-haiku,261,825,1086,0.00027150000000000004,20250418132241
2025-05-01 13:22:41,mistralai/mistral-7b-instruct,164,162,326,6.520000000000001e-05,20250418132241
2025-05-01 13:22:41,openai/gpt-3.5-turbo,289,503,792,0.00039600000000000003,20250417132241
2025-05-01 13:22:41,anthropic/claude-3-sonnet,274,478,752,0.002256,20250417132241
2025-05-01 13:22:41,anthropic/claude-3-haiku,51,114,165,4.125e-05,20250417132241
2025-05-01 13:22:41,anthropic/claude-3-opus,88,821,909,0.013635,20250417132241
2025-05-01 13:22:41,openai/gpt-3.5-turbo,174,325,499,0.0002495,20250417132241
2025-05-01 13:22:41,openai/gpt-3.5-turbo,288,486,774,0.00038700000000000003,20250417132241
2025-05-01 13:22:41,openai/gpt-3.5-turbo,67,977,1044,0.000522,20250417132241
2025-05-01 13:22:41,mistralai/mistral-7b-instruct,467,433,900,0.00018,20250417132241
2025-05-01 13:22:41,mistralai/mixtral-8x7b-instruct,90,309,399,0.00023939999999999996,20250417132241
2025-05-01 13:22:41,anthropic/claude-3-opus,273,80,353,0.005295,20250417132241
2025-05-01 13:22:41,anthropic/claude-3-haiku,445,780,1225,0.00030625000000000004,20250416132241
2025-05-01 13:22:41,anthropic/claude-3-haiku,161,560,721,0.00018025,20250416132241
2025-05-01 13:22:41,mistralai/mistral-7b-instruct,15,236,251,5.02e-05,20250416132241
2025-05-01 13:22:41,openai/gpt-3.5-turbo,182,514,696,0.00034800000000000006,20250416132241
2025-05-01 13:22:41,openai/gpt-3.5-turbo,42,262,304,0.000152,20250416132241
2025-05-01 13:22:41,anthropic/claude-3-opus,492,648,1140,0.017099999999999997,20250416132241
2025-05-01 13:22:41,anthropic/claude-3-opus,196,168,364,0.00546,20250416132241
2025-05-01 13:22:41,openai/gpt-4o,391,448,839,0.004195,20250416132241
2025-05-01 13:22:41,anthropic/claude-3-haiku,43,802,845,0.00021124999999999998,20250416132241
2025-05-01 13:22:41,mistralai/mixtral-8x7b-instruct,414,148,562,0.00033719999999999996,20250416132241
2025-05-01 13:22:41,anthropic/claude-3-haiku,87,196,283,7.075000000000001e-05,20250415132241
2025-05-01 13:22:41,anthropic/claude-3-sonnet,396,677,1073,0.003219,20250415132241
2025-05-01 13:22:41,anthropic/claude-3-haiku,89,572,661,0.00016525,20250415132241
2025-05-01 13:22:41,anthropic/claude-3-sonnet,118,428,546,0.0016380000000000001,20250415132241
2025-05-01 13:22:41,openai/gpt-3.5-turbo,482,485,967,0.0004835,20250415132241
2025-05-01 13:22:41,openai/gpt-3.5-turbo,214,863,1077,0.0005385,20250415132241
2025-05-01 13:22:41,anthropic/claude-3-haiku,199,945,1144,0.000286,20250415132241
2025-05-01 13:22:41,openai/gpt-3.5-turbo,337,582,919,0.0004595,20250415132241
2025-05-01 13:22:41,openai/gpt-3.5-turbo,352,608,960,0.00047999999999999996,20250415132241
2025-05-01 13:22:41,mistralai/mixtral-8x7b-instruct,378,576,954,0.0005723999999999999,20250415132241
2025-05-01 13:22:41,openai/gpt-4o,312,267,579,0.002895,20250414132241
2025-05-01 13:22:41,anthropic/claude-3-haiku,468,638,1106,0.0002765,20250414132241
2025-05-01 13:22:41,openai/gpt-4o,228,576,804,0.00402,20250414132241
2025-05-01 13:22:41,openai/gpt-3.5-turbo,239,659,898,0.000449,20250414132241
2025-05-01 13:22:41,mistralai/mixtral-8x7b-instruct,349,785,1134,0.0006803999999999998,20250414132241
2025-05-01 13:22:41,openai/gpt-4o,429,531,960,0.0048,20250414132241
2025-05-01 13:22:41,mistralai/mistral-7b-instruct,418,283,701,0.00014020000000000002,20250414132241
2025-05-01 13:22:41,anthropic/claude-3-sonnet,312,298,610,0.00183,20250414132241
2025-05-01 13:22:41,openai/gpt-4o,259,169,428,0.00214,20250414132241
2025-05-01 13:22:41,mistralai/mistral-7b-instruct,198,950,1148,0.0002296,20250414132241
2025-05-01 13:22:41,mistralai/mixtral-8x7b-instruct,456,895,1351,0.0008105999999999999,20250413132241
2025-05-01 13:22:41,anthropic/claude-3-haiku,407,316,723,0.00018075,20250413132241
2025-05-01 13:22:41,anthropic/claude-3-haiku,216,931,1147,0.00028675,20250413132241
2025-05-01 13:22:41,anthropic/claude-3-sonnet,365,138,503,0.0015090000000000001,20250413132241
2025-05-01 13:22:41,mistralai/mistral-7b-instruct,457,407,864,0.0001728,20250413132241
2025-05-01 13:22:41,anthropic/claude-3-opus,96,204,300,0.0045,20250413132241
2025-05-01 13:22:41,openai/gpt-3.5-turbo,176,969,1145,0.0005725,20250413132241
2025-05-01 13:22:41,mistralai/mixtral-8x7b-instruct,95,480,575,0.000345,20250413132241
2025-05-01 13:22:41,mistralai/mixtral-8x7b-instruct,88,308,396,0.00023759999999999997,20250413132241
2025-05-01 13:22:41,mistralai/mistral-7b-instruct,472,119,591,0.0001182,20250413132241
2025-05-01 13:22:41,anthropic/claude-3-opus,198,306,504,0.00756,20250412132241
2025-05-01 13:22:41,openai/gpt-4o,438,885,1323,0.006615,20250412132241
2025-05-01 13:22:41,anthropic/claude-3-haiku,178,825,1003,0.00025075000000000005,20250412132241
2025-05-01 13:22:41,openai/gpt-3.5-turbo,127,753,880,0.00044,20250412132241
2025-05-01 13:22:41,anthropic/claude-3-haiku,22,345,367,9.175e-05,20250412132241
2025-05-01 13:22:41,anthropic/claude-3-sonnet,431,240,671,0.002013,20250412132241
2025-05-01 13:22:41,openai/gpt-4o,168,970,1138,0.005690000000000001,20250412132241
2025-05-01 13:22:41,mistralai/mistral-7b-instruct,456,149,605,0.00012100000000000001,20250412132241
2025-05-01 13:22:41,mistralai/mistral-7b-instruct,164,189,353,7.060000000000001e-05,20250412132241
2025-05-01 13:22:41,mistralai/mistral-7b-instruct,30,543,573,0.00011460000000000001,20250412132241
2025-05-01 13:22:41,openai/gpt-3.5-turbo,142,267,409,0.0002045,20250411132241
2025-05-01 13:22:41,anthropic/claude-3-opus,201,867,1068,0.01602,20250411132241
2025-05-01 13:22:41,mistralai/mistral-7b-instruct,141,590,731,0.0001462,20250411132241
2025-05-01 13:22:41,anthropic/claude-3-opus,102,631,733,0.010995,20250411132241
2025-05-01 13:22:41,openai/gpt-4o,476,889,1365,0.006825,20250411132241
2025-05-01 13:22:41,anthropic/claude-3-haiku,170,305,475,0.00011875000000000001,20250411132241
2025-05-01 13:22:41,anthropic/claude-3-haiku,276,392,668,0.00016700000000000002,20250411132241
2025-05-01 13:22:41,openai/gpt-4o,80,770,850,0.00425,20250411132241
2025-05-01 13:22:41,anthropic/claude-3-sonnet,393,678,1071,0.003213,20250411132241
2025-05-01 13:22:41,mistralai/mistral-7b-instruct,397,559,956,0.0001912,20250411132241
2025-05-01 13:22:41,anthropic/claude-3-opus,417,223,640,0.0096,20250410132241
2025-05-01 13:22:41,openai/gpt-3.5-turbo,60,942,1002,0.000501,20250410132241
2025-05-01 13:22:41,anthropic/claude-3-opus,238,625,863,0.012945,20250410132241
2025-05-01 13:22:41,anthropic/claude-3-haiku,389,470,859,0.00021475,20250410132241
2025-05-01 13:22:41,anthropic/claude-3-sonnet,182,728,910,0.00273,20250410132241
2025-05-01 13:22:41,mistralai/mistral-7b-instruct,451,513,964,0.0001928,20250410132241
2025-05-01 13:22:41,anthropic/claude-3-haiku,48,440,488,0.000122,20250410132241
2025-05-01 13:22:41,anthropic/claude-3-haiku,26,927,953,0.00023825000000000002,20250410132241
2025-05-01 13:22:41,openai/gpt-3.5-turbo,46,653,699,0.00034950000000000004,20250410132241
2025-05-01 13:22:41,mistralai/mixtral-8x7b-instruct,69,371,440,0.00026399999999999997,20250410132241
2025-05-01 13:22:41,openai/gpt-4o,260,614,874,0.00437,20250409132241
2025-05-01 13:22:41,anthropic/claude-3-opus,171,817,988,0.01482,20250409132241
2025-05-01 13:22:41,mistralai/mistral-7b-instruct,12,973,985,0.00019700000000000002,20250409132241
2025-05-01 13:22:41,openai/gpt-4o,333,99,432,0.00216,20250409132241
2025-05-01 13:22:41,mistralai/mistral-7b-instruct,454,178,632,0.0001264,20250409132241
2025-05-01 13:22:41,openai/gpt-3.5-turbo,131,591,722,0.000361,20250409132241
2025-05-01 13:22:41,mistralai/mixtral-8x7b-instruct,473,553,1026,0.0006155999999999999,20250409132241
2025-05-01 13:22:41,openai/gpt-3.5-turbo,179,384,563,0.0002815,20250409132241
2025-05-01 13:22:41,anthropic/claude-3-opus,435,395,830,0.01245,20250409132241
2025-05-01 13:22:41,mistralai/mixtral-8x7b-instruct,309,156,465,0.00027899999999999995,20250409132241
2025-05-01 13:22:41,anthropic/claude-3-haiku,421,745,1166,0.0002915,20250408132241
2025-05-01 13:22:41,anthropic/claude-3-sonnet,110,917,1027,0.003081,20250408132241
2025-05-01 13:22:41,mistralai/mistral-7b-instruct,496,295,791,0.0001582,20250408132241
2025-05-01 13:22:41,anthropic/claude-3-haiku,349,448,797,0.00019925000000000002,20250408132241
2025-05-01 13:22:41,anthropic/claude-3-sonnet,71,209,280,0.0008399999999999999,20250408132241
2025-05-01 13:22:41,openai/gpt-4o,290,471,761,0.0038050000000000002,20250408132241
2025-05-01 13:22:41,anthropic/claude-3-sonnet,431,792,1223,0.003669,20250408132241
2025-05-01 13:22:41,openai/gpt-3.5-turbo,247,761,1008,0.000504,20250408132241
2025-05-01 13:22:41,anthropic/claude-3-sonnet,204,428,632,0.0018960000000000001,20250408132241
2025-05-01 13:22:41,anthropic/claude-3-haiku,247,302,549,0.00013725,20250408132241
2025-05-01 13:22:41,anthropic/claude-3-sonnet,451,262,713,0.0021390000000000003,20250407132241
2025-05-01 13:22:41,openai/gpt-3.5-turbo,50,385,435,0.0002175,20250407132241
2025-05-01 13:22:41,anthropic/claude-3-opus,167,151,318,0.00477,20250407132241
2025-05-01 13:22:41,openai/gpt-4o,63,958,1021,0.005105,20250407132241
2025-05-01 13:22:41,anthropic/claude-3-haiku,464,889,1353,0.00033825,20250407132241
2025-05-01 13:22:41,anthropic/claude-3-sonnet,478,421,899,0.002697,20250407132241
2025-05-01 13:22:41,openai/gpt-4o,481,179,660,0.0033000000000000004,20250407132241
2025-05-01 13:22:41,mistralai/mistral-7b-instruct,468,467,935,0.000187,20250407132241
2025-05-01 13:22:41,mistralai/mistral-7b-instruct,122,788,910,0.000182,20250407132241
2025-05-01 13:22:41,anthropic/claude-3-sonnet,32,275,307,0.000921,20250407132241
2025-05-01 13:22:41,anthropic/claude-3-sonnet,132,484,616,0.001848,20250406132241
2025-05-01 13:22:41,openai/gpt-4o,69,379,448,0.0022400000000000002,20250406132241
2025-05-01 13:22:41,mistralai/mixtral-8x7b-instruct,441,351,792,0.00047519999999999995,20250406132241
2025-05-01 13:22:41,openai/gpt-3.5-turbo,129,495,624,0.000312,20250406132241
2025-05-01 13:22:41,anthropic/claude-3-haiku,169,361,530,0.0001325,20250406132241
2025-05-01 13:22:41,openai/gpt-3.5-turbo,207,413,620,0.00031,20250406132241
2025-05-01 13:22:41,anthropic/claude-3-opus,41,686,727,0.010905,20250406132241
2025-05-01 13:22:41,mistralai/mixtral-8x7b-instruct,354,472,826,0.0004955999999999999,20250406132241
2025-05-01 13:22:41,mistralai/mixtral-8x7b-instruct,173,826,999,0.0005993999999999999,20250406132241
2025-05-01 13:22:41,mistralai/mixtral-8x7b-instruct,189,419,608,0.0003648,20250406132241
2025-05-01 13:22:41,anthropic/claude-3-sonnet,273,829,1102,0.003306,20250405132241
2025-05-01 13:22:41,mistralai/mixtral-8x7b-instruct,367,157,524,0.00031439999999999994,20250405132241
2025-05-01 13:22:41,mistralai/mistral-7b-instruct,417,623,1040,0.00020800000000000001,20250405132241
2025-05-01 13:22:41,openai/gpt-3.5-turbo,20,141,161,8.05e-05,20250405132241
2025-05-01 13:22:41,openai/gpt-3.5-turbo,479,851,1330,0.000665,20250405132241
2025-05-01 13:22:41,mistralai/mixtral-8x7b-instruct,134,894,1028,0.0006167999999999999,20250405132241
2025-05-01 13:22:41,anthropic/claude-3-sonnet,201,279,480,0.0014399999999999999,20250405132241
2025-05-01 13:22:41,mistralai/mixtral-8x7b-instruct,479,992,1471,0.0008826,20250405132241
2025-05-01 13:22:41,openai/gpt-4o,405,651,1056,0.00528,20250405132241
2025-05-01 13:22:41,mistralai/mixtral-8x7b-instruct,482,488,970,0.0005819999999999999,20250405132241
2025-05-01 13:22:41,openai/gpt-3.5-turbo,28,470,498,0.000249,20250404132241
2025-05-01 13:22:41,anthropic/claude-3-haiku,318,805,1123,0.00028075,20250404132241
2025-05-01 13:22:41,openai/gpt-4o,110,92,202,0.00101,20250404132241
2025-05-01 13:22:41,anthropic/claude-3-sonnet,468,822,1290,0.00387,20250404132241
2025-05-01 13:22:41,anthropic/claude-3-haiku,147,516,663,0.00016575000000000002,20250404132241
2025-05-01 13:22:41,anthropic/claude-3-opus,198,875,1073,0.016094999999999998,20250404132241
2025-05-01 13:22:41,openai/gpt-3.5-turbo,190,906,1096,0.0005480000000000001,20250404132241
2025-05-01 13:22:41,anthropic/claude-3-haiku,409,709,1118,0.0002795,20250404132241
2025-05-01 13:22:41,openai/gpt-4o,88,667,755,0.0037749999999999997,20250404132241
2025-05-01 13:22:41,openai/gpt-4o,221,139,360,0.0018,20250404132241
2025-05-01 13:22:41,anthropic/claude-3-haiku,90,587,677,0.00016925000000000002,20250403132241
2025-05-01 13:22:41,anthropic/claude-3-opus,442,783,1225,0.018375,20250403132241
2025-05-01 13:22:41,openai/gpt-3.5-turbo,180,104,284,0.000142,20250403132241
2025-05-01 13:22:41,openai/gpt-4o,438,388,826,0.00413,20250403132241
2025-05-01 13:22:41,anthropic/claude-3-sonnet,288,723,1011,0.003033,20250403132241
2025-05-01 13:22:41,mistralai/mistral-7b-instruct,158,467,625,0.000125,20250403132241
2025-05-01 13:22:41,anthropic/claude-3-opus,453,827,1280,0.0192,20250403132241
2025-05-01 13:22:41,mistralai/mixtral-8x7b-instruct,420,255,675,0.000405,20250403132241
2025-05-01 13:22:41,anthropic/claude-3-haiku,322,184,506,0.0001265,20250403132241
2025-05-01 13:22:41,anthropic/claude-3-sonnet,161,68,229,0.000687,20250403132241
2025-05-01 13:22:41,openai/gpt-3.5-turbo,224,180,404,0.000202,20250402132241
2025-05-01 13:22:41,anthropic/claude-3-haiku,92,355,447,0.00011175,20250402132241
2025-05-01 13:22:41,mistralai/mixtral-8x7b-instruct,150,742,892,0.0005351999999999999,20250402132241
2025-05-01 13:22:41,anthropic/claude-3-haiku,224,607,831,0.00020775,20250402132241
2025-05-01 13:22:41,anthropic/claude-3-haiku,498,782,1280,0.00032,20250402132241
2025-05-01 13:22:41,mistralai/mixtral-8x7b-instruct,275,408,683,0.00040979999999999993,20250402132241
2025-05-01 13:22:41,openai/gpt-4o,303,957,1260,0.0063,20250402132241
2025-05-01 13:22:41,mistralai/mistral-7b-instruct,238,554,792,0.0001584,20250402132241
2025-05-01 13:22:41,anthropic/claude-3-haiku,87,458,545,0.00013625,20250402132241
2025-05-01 13:22:41,anthropic/claude-3-opus,141,491,632,0.00948,20250402132241
2025-05-01 13:36:30,anthropic/claude-3-haiku,28,482,510,0.0001275,20250501133620
2025-05-01 13:36:57,anthropic/claude-3-haiku,21,14,35,8.750000000000001e-06,20250501133651
2025-05-01 13:37:23,anthropic/claude-3-haiku,25,483,508,0.000127,20250501133709
2025-05-01 13:51:46,anthropic/claude-3-haiku,20,19,39,9.75e-06,20250501135134
2025-05-01 13:52:32,anthropic/claude-3-haiku,45,525,570,0.00014250000000000002,20250501135134
2025-05-01 13:53:41,anthropic/claude-3-haiku,608,1146,1754,0.0004385,20250501135134
2025-05-01 13:53:57,openai/gpt-4o,1527,41,1568,0.00784,20250501135134
2025-05-01 13:54:35,openai/gpt-4o,1647,570,2217,0.011085000000000001,20250501135134
2025-05-01 13:55:02,anthropic/claude-3-haiku,2574,628,3202,0.0008005,20250501135134
2025-05-01 14:37:37,anthropic/claude-3-haiku,20,19,39,9.75e-06,20250501143730
2025-05-01 14:38:07,anthropic/claude-3-haiku,53,643,696,0.00017400000000000003,20250501143730
